145,① 信息系统规划的关键价值之一是明确组织数字能力建设路径，无需考虑阶段性目标。(),64,判断题,B,"A.正确
B.错误",信息系统规划需明确阶段性目标，确保数字能力逐步提升
146,② 发展路径选择中，“稳态先行” 原则要求先建设稳定性强的基础设施，再部署敏态应用。(),64,判断题,A,"A.正确
B.错误",稳态先行原则要求先建设基础稳定的设施，再部署灵活应用
147,③ 场景化模型分析只需关注技术实现方案，无需拆解业务场景中的角色与数据流。(),64,判断题,B,"A.正确
B.错误",场景化模型分析需拆解角色、业务流、数据流等要素
148,④ 技术体系定义中，可扩展性原则要求技术架构能适应业务规模增长带来的资源需求。(),64,判断题,A,"A.正确
B.错误",可扩展性原则要求技术架构适应业务增长
149,⑤ 保障体系设定中，人员保障仅需培训 IT 技术人员，无需覆盖业务人员。(),64,判断题,B,"A.正确
B.错误",人员保障需覆盖全员，包括业务人员的数字素养培训
150,针对车间技术人员操作不熟悉的问题，给出3条培训措施（4分）,64,简答题,"- 开展“操作场景模拟”实训，结合车间实际业务演示系统功能；
- 制定“老带新”帮扶计划，由IT人员与车间骨干结对指导；
- 开发轻量化操作手册，以流程图解替代文字说明。",,
151,物料损耗率高的问题，应在规划的（）环节重点解决。,64,选择题,B,"A. 数据保障 
B. 系统框架设计 
C. 组织体系优化 
D. 任务体系部署",系统框架设计需解决应用集成与数据共享问题，能打通MES与ERP系统数据壁垒，从而降低物料损耗率
152,技术团队未遵循的规划原则是（）。,64,选择题,D,"A. 战略性（与柔性生产战略对齐）
B. 可靠性（未评估技术成熟度）
C. 整体性（未考虑系统集成）
D. 以上都是",技术团队未结合“柔性生产”战略评估技术适配性（违反战略性）、未评估数字孪生与现有设备兼容性（违反可靠性）、未考虑新技术与现有系统集成（违反整体性），因此违反以上所有原则
153,若采用企业信息系统规划法（BSP），正确的实施顺序是（）。,64,选择题,A,"A. 定义管理目标→定义管理功能→定义数据类→定义信息结构
B. 定义数据类→定义管理功能→定义管理目标→定义信息结构
C. 定义信息结构→定义管理目标→定义管理功能→定义数据类
D. 定义管理功能→定义数据类→定义管理目标→定义信息结构",BSP方法核心逻辑是先明确“做什么目标”（定义管理目标），再确定“用什么功能实现”（定义管理功能），接着梳理“需要什么数据支撑”（定义数据类），最后规划“数据与功能如何结合”（定义信息结构）
154,技术团队未评估数字孪生与现有设备的兼容性，违反了信息系统规划的哪些原则？请说明原因。,64,分析题,"违反原则及原因：
- 可靠性原则：未评估技术成熟度与设备兼容性，可能导致数字孪生技术无法正常运行，出现系统故障；
- 可扩展性原则：未考虑现有设备与新技术的衔接，后续业务规模扩大时，难以实现技术与设备的协同升级；
- 整体性原则：技术选型未融入整体系统框架，可能与现有生产执行系统（MES）、企业资源计划（ERP）等产生集成冲突。",,
